,video_time_stamp,blink_counter,Emotion,list_of_emotions
0,00:00:00,0,angry,"{'emotion': {'angry': 66.25137329101562, 'disgust': 5.9593576937913895, 'fear': 23.756815493106842, 'happy': 0.25024081114679575, 'sad': 1.624731905758381, 'surprise': 1.4021503739058971, 'neutral': 0.7553372532129288}, 'dominant_emotion': 'angry'}"
1,00:00:01,1,sad,"{'emotion': {'angry': 0.0632572470669892, 'disgust': 6.6199921498102885e-09, 'fear': 35.92231403855253, 'happy': 5.262313097538847e-05, 'sad': 64.01411461998399, 'surprise': 6.227577248079946e-11, 'neutral': 0.00026421626865281246}, 'dominant_emotion': 'sad'}"
2,00:00:02,3,angry,"{'emotion': {'angry': 95.52281498908997, 'disgust': 0.09018750861287117, 'fear': 4.137100279331207, 'happy': 0.15587997622787952, 'sad': 0.020024586410727352, 'surprise': 0.07389029487967491, 'neutral': 0.00010083437018693076}, 'dominant_emotion': 'angry'}"
3,00:00:03,3,fear,"{'emotion': {'angry': 32.46093690395355, 'disgust': 0.9467658586800098, 'fear': 35.38808822631836, 'happy': 2.8374629095196724, 'sad': 13.972032070159912, 'surprise': 1.4941428788006306, 'neutral': 12.900575995445251}, 'dominant_emotion': 'fear'}"
4,00:00:04,5,angry,"{'emotion': {'angry': 72.21736311912537, 'disgust': 0.03612376458477229, 'fear': 15.89239239692688, 'happy': 2.154413051903248, 'sad': 2.069874107837677, 'surprise': 4.859901964664459, 'neutral': 2.7699312195181847}, 'dominant_emotion': 'angry'}"
5,00:00:05,6,angry,"{'emotion': {'angry': 74.24403275513845, 'disgust': 4.180816937599974e-05, 'fear': 4.074323420186246, 'happy': 1.2312116835243514, 'sad': 0.025937358532092485, 'surprise': 16.06795883583777, 'neutral': 4.356492942958649}, 'dominant_emotion': 'angry'}"
6,00:00:06,9,sad,"{'emotion': {'angry': 18.35566759109497, 'disgust': 0.0015235114005918149, 'fear': 1.516458485275507, 'happy': 3.5795532166957855, 'sad': 37.622249126434326, 'surprise': 1.7066864296793938, 'neutral': 37.21786439418793}, 'dominant_emotion': 'sad'}"
7,00:00:07,12,sad,"{'emotion': {'angry': 8.84701734094051e-06, 'disgust': 1.845243476064194e-22, 'fear': 0.00015775312931509688, 'happy': 1.6086718762631236e-09, 'sad': 99.99983310699463, 'surprise': 1.0807985100573691e-20, 'neutral': 6.272068420187793e-08}, 'dominant_emotion': 'sad'}"
8,00:00:08,14,surprise,"{'emotion': {'angry': 0.05017553323649964, 'disgust': 1.2851299047269861e-08, 'fear': 0.8747192919588933, 'happy': 0.054993799851083776, 'sad': 0.00026045944729144986, 'surprise': 99.01920568714074, 'neutral': 0.0006431879371085148}, 'dominant_emotion': 'surprise'}"
9,00:00:09,16,sad,"{'emotion': {'angry': 0.9683223441243172, 'disgust': 9.97475014955341e-16, 'fear': 0.00015139734159674845, 'happy': 0.001591309228388127, 'sad': 99.02989864349365, 'surprise': 6.0695026749772035e-12, 'neutral': 3.670765238439344e-05}, 'dominant_emotion': 'sad'}"
10,00:00:10,17,sad,"{'emotion': {'angry': 45.13231784893977, 'disgust': 2.0662550594060788e-10, 'fear': 4.666271338836631, 'happy': 0.0009363477705523906, 'sad': 49.94001090169018, 'surprise': 2.422358680364435e-07, 'neutral': 0.2604671210701538}, 'dominant_emotion': 'sad'}"
11,00:00:11,19,angry,"{'emotion': {'angry': 94.89163160324097, 'disgust': 2.498364547266264e-13, 'fear': 0.00039931169339979533, 'happy': 0.00010441293625262915, 'sad': 5.1077790558338165, 'surprise': 1.150280567953528e-12, 'neutral': 8.894846246221277e-05}, 'dominant_emotion': 'angry'}"
12,00:00:12,21,sad,"{'emotion': {'angry': 9.123262017965317, 'disgust': 2.868682963069857e-20, 'fear': 0.025345233734697104, 'happy': 0.00013811145436193328, 'sad': 90.8512532711029, 'surprise': 3.2823142128479878e-15, 'neutral': 1.5543385245564423e-06}, 'dominant_emotion': 'sad'}"
13,00:00:13,22,angry,"{'emotion': {'angry': 97.20795154571533, 'disgust': 0.00013390306321525713, 'fear': 0.963149219751358, 'happy': 0.0007900097443780396, 'sad': 0.007158666994655505, 'surprise': 0.00011286226708762115, 'neutral': 1.8206998705863953}, 'dominant_emotion': 'angry'}"
14,00:00:14,23,sad,"{'emotion': {'angry': 2.467976324260235, 'disgust': 3.5579618949416886e-16, 'fear': 0.09971439139917493, 'happy': 0.00011617565860433388, 'sad': 97.43207097053528, 'surprise': 1.1934628158243206e-12, 'neutral': 0.00012345070672381553}, 'dominant_emotion': 'sad'}"
15,00:00:15,23,sad,"{'emotion': {'angry': 0.0786268210504204, 'disgust': 1.2940350017660168e-11, 'fear': 0.0073419694672338665, 'happy': 6.021191722993535e-06, 'sad': 99.90575909614563, 'surprise': 1.136567760988015e-13, 'neutral': 0.008271079423138872}, 'dominant_emotion': 'sad'}"
16,00:00:16,24,angry,"{'emotion': {'angry': 99.92960691452026, 'disgust': 2.672489269052008e-14, 'fear': 0.021037881379015744, 'happy': 0.02255068684462458, 'sad': 0.02665333158802241, 'surprise': 7.153361930578583e-09, 'neutral': 0.00015085263385117287}, 'dominant_emotion': 'angry'}"
17,00:00:17,25,angry,"{'emotion': {'angry': 99.3340790271759, 'disgust': 1.2867448602395422e-12, 'fear': 0.0028912218112964183, 'happy': 0.06911770906299353, 'sad': 0.5937451031059027, 'surprise': 1.3477354648960826e-09, 'neutral': 0.0001660210500631365}, 'dominant_emotion': 'angry'}"
18,00:00:18,26,angry,"{'emotion': {'angry': 99.65846542615111, 'disgust': 0.0003135412352126179, 'fear': 0.2675748344049055, 'happy': 0.00539855035858746, 'sad': 0.024682411426353582, 'surprise': 0.024131944553098732, 'neutral': 0.019420580660612953}, 'dominant_emotion': 'angry'}"
19,00:00:19,28,sad,"{'emotion': {'angry': 0.0026463070753379725, 'disgust': 1.5560627444540796e-19, 'fear': 4.878756598714062e-06, 'happy': 2.760513151400801e-07, 'sad': 99.99735355377197, 'surprise': 5.285127008071292e-16, 'neutral': 1.2281876848874163e-06}, 'dominant_emotion': 'sad'}"
20,00:00:20,29,sad,"{'emotion': {'angry': 14.024432003498077, 'disgust': 4.252921528401926e-11, 'fear': 1.4490445144474506, 'happy': 0.0021415407900349237, 'sad': 84.2508614063263, 'surprise': 6.68027522188197e-08, 'neutral': 0.27352417819201946}, 'dominant_emotion': 'sad'}"
21,00:00:21,30,angry,"{'emotion': {'angry': 74.65625850297562, 'disgust': 2.788095509431592e-13, 'fear': 0.10239612921453292, 'happy': 0.0024509150176738027, 'sad': 25.237236931159313, 'surprise': 1.1895284186857432e-11, 'neutral': 0.0016636327100312276}, 'dominant_emotion': 'angry'}"
22,00:00:22,32,sad,"{'emotion': {'angry': 3.1650256365537643, 'disgust': 2.0868809393153858e-16, 'fear': 0.005126893665874377, 'happy': 0.0003097788976447191, 'sad': 96.82946801185608, 'surprise': 7.129908303842546e-13, 'neutral': 7.460802748937567e-05}, 'dominant_emotion': 'sad'}"
23,00:00:23,32,sad,"{'emotion': {'angry': 0.25565313767809494, 'disgust': 1.7688219308102004e-17, 'fear': 3.535754939747891e-05, 'happy': 9.507936116707676e-08, 'sad': 99.74431394006693, 'surprise': 5.774970838041998e-18, 'neutral': 4.234246983397143e-07}, 'dominant_emotion': 'sad'}"
24,00:00:24,35,sad,"{'emotion': {'angry': 13.223028182983398, 'disgust': 1.2605609373168847e-11, 'fear': 0.0052481376769719645, 'happy': 0.19905357621610165, 'sad': 86.57248616218567, 'surprise': 3.609332884652039e-10, 'neutral': 0.00018330451894144062}, 'dominant_emotion': 'sad'}"
25,00:00:25,37,sad,"{'emotion': {'angry': 0.001101622183341533, 'disgust': 9.21393800287166e-13, 'fear': 1.3165504242351744e-05, 'happy': 0.00013690344076167094, 'sad': 99.99874830245972, 'surprise': 3.5295680270607443e-14, 'neutral': 6.311738243169884e-07}, 'dominant_emotion': 'sad'}"
26,00:00:26,37,sad,"{'emotion': {'angry': 8.932245165738095e-07, 'disgust': 1.0744894529729011e-21, 'fear': 1.3308276436418964e-05, 'happy': 8.063398039548364e-10, 'sad': 99.99998807907104, 'surprise': 1.7937213926223993e-22, 'neutral': 6.634288604590033e-10}, 'dominant_emotion': 'sad'}"
27,00:00:27,38,sad,"{'emotion': {'angry': 0.0008699012660234525, 'disgust': 1.2737526503275597e-16, 'fear': 7.589215752993226e-06, 'happy': 4.73683842628589e-08, 'sad': 99.99912381166958, 'surprise': 3.7079572236380134e-20, 'neutral': 1.0252594523842947e-08}, 'dominant_emotion': 'sad'}"
28,00:00:28,38,sad,"{'emotion': {'angry': 0.08344382513314486, 'disgust': 9.166942073859149e-13, 'fear': 0.007123609248083085, 'happy': 9.661856665843516e-05, 'sad': 99.90934133529663, 'surprise': 3.861672423778802e-16, 'neutral': 7.370163923603457e-08}, 'dominant_emotion': 'sad'}"
29,00:00:29,40,surprise,"{'emotion': {'angry': 28.235888481140137, 'disgust': 2.5033511221408844, 'fear': 7.978872209787369, 'happy': 0.07048335392028093, 'sad': 0.608590105548501, 'surprise': 60.549378395080566, 'neutral': 0.053440267220139503}, 'dominant_emotion': 'surprise'}"
30,00:00:30,43,angry,"{'emotion': {'angry': 67.76924133300781, 'disgust': 0.1676803221926093, 'fear': 26.073068380355835, 'happy': 0.23102983832359314, 'sad': 1.6591323539614677, 'surprise': 1.0967273265123367, 'neutral': 3.00312340259552}, 'dominant_emotion': 'angry'}"
31,00:00:31,46,surprise,"{'emotion': {'angry': 4.152379930019379, 'disgust': 0.19306199392303824, 'fear': 3.884590044617653, 'happy': 0.8879127912223339, 'sad': 0.44696349650621414, 'surprise': 75.27703046798706, 'neutral': 15.158061683177948}, 'dominant_emotion': 'surprise'}"
32,00:00:32,46,surprise,"{'emotion': {'angry': 12.005287408828735, 'disgust': 0.004813310442841612, 'fear': 12.498296052217484, 'happy': 5.863769352436066, 'sad': 1.816897839307785, 'surprise': 67.46925711631775, 'neutral': 0.3416795749217272}, 'dominant_emotion': 'surprise'}"
33,00:00:33,49,surprise,"{'emotion': {'angry': 5.0086114555597305, 'disgust': 0.07838709279894829, 'fear': 0.40677376091480255, 'happy': 0.7553594186902046, 'sad': 0.054047571029514074, 'surprise': 93.36148500442505, 'neutral': 0.33533868845552206}, 'dominant_emotion': 'surprise'}"
34,00:00:34,50,disgust,"{'emotion': {'angry': 4.6941946264621395, 'disgust': 76.02601504480928, 'fear': 18.427833523025125, 'happy': 0.029759905328633207, 'sad': 0.24974238219066752, 'surprise': 0.5393468165008316, 'neutral': 0.03311284142008224}, 'dominant_emotion': 'disgust'}"
35,00:00:35,51,angry,"{'emotion': {'angry': 94.99534904901374, 'disgust': 0.061373303510046426, 'fear': 3.7803803420520237, 'happy': 0.016736687933836186, 'sad': 0.30586641668425996, 'surprise': 0.44093011546791977, 'neutral': 0.3993638801561451}, 'dominant_emotion': 'angry'}"
36,00:00:36,53,angry,"{'emotion': {'angry': 64.26157355308533, 'disgust': 23.152130842208862, 'fear': 2.9572390019893646, 'happy': 0.045102828880771995, 'sad': 0.5968226119875908, 'surprise': 8.465587347745895, 'neutral': 0.5215473007410765}, 'dominant_emotion': 'angry'}"
37,00:00:37,54,fear,"{'emotion': {'angry': 0.014023623953107744, 'disgust': 1.0064233890716423e-07, 'fear': 96.25518918037415, 'happy': 0.0010694019692891743, 'sad': 0.03019823634531349, 'surprise': 3.69877889752388, 'neutral': 0.0007501047548430506}, 'dominant_emotion': 'fear'}"
38,00:00:38,55,fear,"{'emotion': {'angry': 5.224908143281937, 'disgust': 0.01249383349204436, 'fear': 92.76708364486694, 'happy': 0.10312988888472319, 'sad': 0.8963694795966148, 'surprise': 0.606576120480895, 'neutral': 0.3894364694133401}, 'dominant_emotion': 'fear'}"
39,00:00:39,55,sad,"{'emotion': {'angry': 0.0013716309603216419, 'disgust': 1.141289279600612e-11, 'fear': 0.011665792375906103, 'happy': 0.011603058338021612, 'sad': 99.97532367559216, 'surprise': 1.6081524549614895e-12, 'neutral': 3.6680887004803125e-05}, 'dominant_emotion': 'sad'}"
40,00:00:40,57,sad,"{'emotion': {'angry': 0.4624593537300825, 'disgust': 1.1565687990655604e-08, 'fear': 0.37375795654952526, 'happy': 0.1700561260804534, 'sad': 98.99370670318604, 'surprise': 8.630853735695776e-12, 'neutral': 1.931169890667661e-05}, 'dominant_emotion': 'sad'}"
41,00:00:41,59,fear,"{'emotion': {'angry': 13.526191623579956, 'disgust': 0.04591678135439196, 'fear': 81.50852212360633, 'happy': 0.11177667850042454, 'sad': 0.69406963365195, 'surprise': 2.3468888832264474, 'neutral': 1.7666277597324704}, 'dominant_emotion': 'fear'}"
42,00:00:42,61,fear,"{'emotion': {'angry': 33.553083711494956, 'disgust': 15.20804283523049, 'fear': 48.379117443666765, 'happy': 0.09156294472510282, 'sad': 0.17967667849863428, 'surprise': 2.4103830489059628, 'neutral': 0.17813141662550966}, 'dominant_emotion': 'fear'}"
43,00:00:43,61,angry,"{'emotion': {'angry': 92.97939497109621, 'disgust': 0.2313843134870716, 'fear': 3.2278539674195033, 'happy': 0.12870219837589253, 'sad': 0.7379085265343504, 'surprise': 1.3552879791133392, 'neutral': 1.3394650870242766}, 'dominant_emotion': 'angry'}"
44,00:00:44,61,sad,"{'emotion': {'angry': 4.545482736798009e-06, 'disgust': 4.9306001532879335e-11, 'fear': 0.0004087878973399281, 'happy': 0.0017731062758643149, 'sad': 99.99778270747868, 'surprise': 3.7979080884610146e-13, 'neutral': 2.540949973947686e-05}, 'dominant_emotion': 'sad'}"
45,00:00:45,64,angry,"{'emotion': {'angry': 99.79502558708191, 'disgust': 0.0015208282093226444, 'fear': 0.09240869549103081, 'happy': 0.0001774393922460149, 'sad': 0.1074643456377089, 'surprise': 0.0004781985353474738, 'neutral': 0.0029229560823296197}, 'dominant_emotion': 'angry'}"
46,00:00:46,66,angry,"{'emotion': {'angry': 40.26925563812256, 'disgust': 0.015258313214872032, 'fear': 23.7338587641716, 'happy': 5.5887144058942795, 'sad': 9.769724309444427, 'surprise': 0.004681858263211325, 'neutral': 20.61850279569626}, 'dominant_emotion': 'angry'}"
47,00:00:47,68,neutral,"{'emotion': {'angry': 0.818890891969204, 'disgust': 0.0001539799654892704, 'fear': 0.46364222653210163, 'happy': 24.737906455993652, 'sad': 0.055858842097222805, 'surprise': 12.276401370763779, 'neutral': 61.64714694023132}, 'dominant_emotion': 'neutral'}"
48,00:00:48,70,angry,"{'emotion': {'angry': 34.134532110039245, 'disgust': 10.30706662619908, 'fear': 23.11211354876918, 'happy': 0.18803073239320306, 'sad': 7.745568632551269, 'surprise': 8.300989365695639, 'neutral': 16.211697901689757}, 'dominant_emotion': 'angry'}"
49,00:00:49,71,surprise,"{'emotion': {'angry': 0.1072937622666359, 'disgust': 8.815934648964685e-06, 'fear': 2.5621911510825157, 'happy': 3.3011022955179214, 'sad': 0.026159384287893772, 'surprise': 94.0025806427002, 'neutral': 0.0006635345926042646}, 'dominant_emotion': 'surprise'}"
50,00:00:50,71,angry,"{'emotion': {'angry': 33.91372965737935, 'disgust': 3.2217020450615844e-05, 'fear': 33.00595080923448, 'happy': 0.003395773860657638, 'sad': 17.89343868415817, 'surprise': 0.01087298644519622, 'neutral': 15.172581693241797}, 'dominant_emotion': 'angry'}"
51,00:00:51,73,angry,"{'emotion': {'angry': 95.05568117235191, 'disgust': 0.2900309102255649, 'fear': 1.449557293925124, 'happy': 0.11302214789522576, 'sad': 0.4645761845008245, 'surprise': 2.381084442501333, 'neutral': 0.24604910588557158}, 'dominant_emotion': 'angry'}"
52,00:00:52,73,fear,"{'emotion': {'angry': 0.01850959815783426, 'disgust': 0.001277867704629898, 'fear': 85.44028401374817, 'happy': 0.46094167046248913, 'sad': 0.01093506725737825, 'surprise': 14.06729519367218, 'neutral': 0.0007548067060270114}, 'dominant_emotion': 'fear'}"
53,00:00:53,74,angry,"{'emotion': {'angry': 45.159682631492615, 'disgust': 38.57210874557495, 'fear': 14.019066095352173, 'happy': 0.04918426275253296, 'sad': 1.6670715063810349, 'surprise': 0.32494510523974895, 'neutral': 0.2079426310956478}, 'dominant_emotion': 'angry'}"
54,00:00:54,77,happy,"{'emotion': {'angry': 0.1523854909464717, 'disgust': 1.961058919419667e-10, 'fear': 0.07030751439742744, 'happy': 55.630481243133545, 'sad': 44.14629936218262, 'surprise': 1.0788660631533276e-06, 'neutral': 0.0005232120656728512}, 'dominant_emotion': 'happy'}"
55,00:00:55,78,fear,"{'emotion': {'angry': 5.995960145947942, 'disgust': 5.916883031540098, 'fear': 56.63583020185412, 'happy': 0.17588316579956806, 'sad': 0.1006420878144853, 'surprise': 31.052567425523247, 'neutral': 0.12223723607434249}, 'dominant_emotion': 'fear'}"
56,00:00:56,79,angry,"{'emotion': {'angry': 82.41809816144726, 'disgust': 5.9113433007524876e-12, 'fear': 0.04227616378446206, 'happy': 0.00162597115093441, 'sad': 17.537995572329095, 'surprise': 3.826344505769761e-12, 'neutral': 2.4978485633159773e-06}, 'dominant_emotion': 'angry'}"
57,00:00:57,80,sad,"{'emotion': {'angry': 2.4597184732556343, 'disgust': 1.1824161094686758e-08, 'fear': 0.035433052107691765, 'happy': 23.273970186710358, 'sad': 74.2150068283081, 'surprise': 2.1566691141283734e-09, 'neutral': 0.01587615261087194}, 'dominant_emotion': 'sad'}"
58,00:00:58,80,fear,"{'emotion': {'angry': 17.27394014596939, 'disgust': 0.31221138779073954, 'fear': 80.16390204429626, 'happy': 0.07830585236661136, 'sad': 0.07056245813146234, 'surprise': 2.0059609785676003, 'neutral': 0.09512142860330641}, 'dominant_emotion': 'fear'}"
59,00:00:59,80,surprise,"{'emotion': {'angry': 0.3173426492139697, 'disgust': 0.0012980347491975408, 'fear': 0.3990103956311941, 'happy': 0.01637739042052999, 'sad': 0.0012002396942989435, 'surprise': 99.26401972770691, 'neutral': 0.0007499334969907068}, 'dominant_emotion': 'surprise'}"
60,00:01:00,81,surprise,"{'emotion': {'angry': 13.179056265466658, 'disgust': 0.0004086077264609849, 'fear': 4.464633603139686, 'happy': 0.7367853593933154, 'sad': 3.9229600670385283, 'surprise': 75.94025421854803, 'neutral': 1.7558991678477325}, 'dominant_emotion': 'surprise'}"
61,00:01:01,83,neutral,"{'emotion': {'angry': 7.482556253671646, 'disgust': 0.004774805711349472, 'fear': 2.3709412664175034, 'happy': 0.41840714402496815, 'sad': 0.8372688665986061, 'surprise': 2.1244844421744347, 'neutral': 86.76156401634216}, 'dominant_emotion': 'neutral'}"
62,00:01:02,84,angry,"{'emotion': {'angry': 77.82266139984131, 'disgust': 0.25938646867871284, 'fear': 12.784464657306671, 'happy': 0.10494828457012773, 'sad': 0.21351051982492208, 'surprise': 8.793828636407852, 'neutral': 0.02120233839377761}, 'dominant_emotion': 'angry'}"
63,00:01:03,87,happy,"{'emotion': {'angry': 0.33465398009866476, 'disgust': 0.0001230166049026593, 'fear': 11.158596724271774, 'happy': 70.86105346679688, 'sad': 1.4410870149731636, 'surprise': 14.123527705669403, 'neutral': 2.0809590816497803}, 'dominant_emotion': 'happy'}"
64,00:01:04,90,disgust,"{'emotion': {'angry': 0.4265735180123757, 'disgust': 92.92079168086002, 'fear': 4.6285341458639, 'happy': 0.00011511855977406406, 'sad': 0.003364032655067826, 'surprise': 1.972725732488974, 'neutral': 0.04790218366844557}, 'dominant_emotion': 'disgust'}"
65,00:01:05,90,angry,"{'emotion': {'angry': 84.00361442587462, 'disgust': 2.43269468858587e-05, 'fear': 0.20963092187082302, 'happy': 1.1596749296590645, 'sad': 0.13095412485400587, 'surprise': 12.291665362814985, 'neutral': 2.2044415968323707}, 'dominant_emotion': 'angry'}"
66,00:01:06,91,surprise,"{'emotion': {'angry': 0.06346073350869119, 'disgust': 0.0035748500522458926, 'fear': 23.076923191547394, 'happy': 0.1311332918703556, 'sad': 0.03183425578754395, 'surprise': 76.47613883018494, 'neutral': 0.21693636663258076}, 'dominant_emotion': 'surprise'}"
67,00:01:07,92,sad,"{'emotion': {'angry': 0.026132885250262916, 'disgust': 5.276298671520914e-12, 'fear': 0.024903114535845816, 'happy': 0.05645459168590605, 'sad': 99.85620379447937, 'surprise': 9.915725879272586e-09, 'neutral': 0.036307392292656004}, 'dominant_emotion': 'sad'}"
68,00:01:08,92,happy,"{'emotion': {'angry': 0.01206288363291034, 'disgust': 1.7808191907620013e-06, 'fear': 0.08556843530129668, 'happy': 95.12334524114785, 'sad': 0.0006059432240161274, 'surprise': 1.1732058132343515, 'neutral': 3.6052088612069055}, 'dominant_emotion': 'happy'}"
69,00:01:09,94,sad,"{'emotion': {'angry': 0.013582680385016753, 'disgust': 2.4176485836921e-11, 'fear': 0.057500978130730615, 'happy': 0.030007396041465278, 'sad': 99.75016716120635, 'surprise': 2.072871765820371e-08, 'neutral': 0.14873875161766986}, 'dominant_emotion': 'sad'}"
70,00:01:10,97,fear,"{'emotion': {'angry': 0.0718446592298489, 'disgust': 1.6364434822134355, 'fear': 94.16422774365279, 'happy': 0.33632106431675723, 'sad': 0.12869330027396086, 'surprise': 3.6096163671751462, 'neutral': 0.05285825511986078}, 'dominant_emotion': 'fear'}"
71,00:01:11,98,happy,"{'emotion': {'angry': 0.0013442037817128394, 'disgust': 2.9657517360393945e-10, 'fear': 0.00022405939915548222, 'happy': 96.03446102347738, 'sad': 3.9637813844550482, 'surprise': 9.86657776142803e-10, 'neutral': 0.00018900449266457002}, 'dominant_emotion': 'happy'}"
72,00:01:12,101,angry,"{'emotion': {'angry': 51.2309728585514, 'disgust': 3.9983360918359647, 'fear': 2.0917713011179804, 'happy': 0.20216139883114115, 'sad': 3.0389057574980547, 'surprise': 38.39628238722296, 'neutral': 1.0415662701050914}, 'dominant_emotion': 'angry'}"
73,00:01:13,102,sad,"{'emotion': {'angry': 0.012441212283470508, 'disgust': 2.4859149967159206e-09, 'fear': 0.7333038897599113, 'happy': 0.08464147841175158, 'sad': 99.16919479737344, 'surprise': 7.987867769277378e-11, 'neutral': 0.0004155820038511916}, 'dominant_emotion': 'sad'}"
74,00:01:14,102,sad,"{'emotion': {'angry': 0.04370849928818643, 'disgust': 1.5312390244659468e-09, 'fear': 0.012783145939465612, 'happy': 6.5802134573459625, 'sad': 93.33924651145935, 'surprise': 1.347063016687855e-08, 'neutral': 0.02404934202786535}, 'dominant_emotion': 'sad'}"
75,00:01:15,103,surprise,"{'emotion': {'angry': 0.002755005188097093, 'disgust': 0.00023433000868489863, 'fear': 1.0113008046089644, 'happy': 0.12609304055580015, 'sad': 0.01784626298181558, 'surprise': 98.8275052514666, 'neutral': 0.014259715436265268}, 'dominant_emotion': 'surprise'}"
76,00:01:16,106,disgust,"{'emotion': {'angry': 22.990463434513025, 'disgust': 45.87190996073603, 'fear': 21.88391052292711, 'happy': 0.09999361382721231, 'sad': 0.4371245912760009, 'surprise': 7.79665503462017, 'neutral': 0.9199528188947224}, 'dominant_emotion': 'disgust'}"
77,00:01:17,108,angry,"{'emotion': {'angry': 88.80599274563876, 'disgust': 7.858824538132604, 'fear': 3.004707596634913, 'happy': 0.011836049860562773, 'sad': 0.051364960079346884, 'surprise': 0.19605704574351956, 'neutral': 0.07120985270956424}, 'dominant_emotion': 'angry'}"
78,00:01:18,110,neutral,"{'emotion': {'angry': 8.387931436300278, 'disgust': 0.0006017165105731692, 'fear': 18.01290214061737, 'happy': 0.09706226410344243, 'sad': 2.7601806446909904, 'surprise': 1.8308136612176895, 'neutral': 68.91050934791565}, 'dominant_emotion': 'neutral'}"
79,00:01:19,111,fear,"{'emotion': {'angry': 17.151145169207165, 'disgust': 27.855153552004907, 'fear': 38.506733686133245, 'happy': 0.06633061379674755, 'sad': 1.169474958299098, 'surprise': 2.782392481410055, 'neutral': 12.468773124740906}, 'dominant_emotion': 'fear'}"
80,00:01:20,111,surprise,"{'emotion': {'angry': 0.029055445338599384, 'disgust': 0.0014284688404586632, 'fear': 3.5715166479349136, 'happy': 0.3218137426301837, 'sad': 0.04222155548632145, 'surprise': 76.57175660133362, 'neutral': 19.462208449840546}, 'dominant_emotion': 'surprise'}"
81,00:01:21,112,angry,"{'emotion': {'angry': 62.700477999477265, 'disgust': 4.934276215292563e-06, 'fear': 24.879826598157084, 'happy': 4.259090751951382, 'sad': 7.962675122182079, 'surprise': 0.013631818813678254, 'neutral': 0.18429352137705812}, 'dominant_emotion': 'angry'}"
82,00:01:22,113,happy,"{'emotion': {'angry': 1.7874080687761307, 'disgust': 3.386541394534426e-09, 'fear': 0.047852040734142065, 'happy': 59.52841639518738, 'sad': 38.345640897750854, 'surprise': 7.978609994907515e-08, 'neutral': 0.29067774303257465}, 'dominant_emotion': 'happy'}"
83,00:01:23,113,angry,"{'emotion': {'angry': 97.30449882799373, 'disgust': 0.003012972770117237, 'fear': 0.4106386122868791, 'happy': 0.30441965345825595, 'sad': 1.2064352207106614, 'surprise': 0.5961335974792954, 'neutral': 0.1748625281102989}, 'dominant_emotion': 'angry'}"
84,00:01:24,115,angry,"{'emotion': {'angry': 35.661500692367554, 'disgust': 0.09784281719475985, 'fear': 11.963643878698349, 'happy': 0.8277179673314095, 'sad': 20.523247122764587, 'surprise': 29.237699508666992, 'neutral': 1.68834887444973}, 'dominant_emotion': 'angry'}"
85,00:01:25,115,sad,"{'emotion': {'angry': 0.0032659641874488443, 'disgust': 1.475004363440946e-10, 'fear': 0.03643757081590593, 'happy': 0.0003919861228496302, 'sad': 99.95985627174377, 'surprise': 4.70296436343165e-11, 'neutral': 5.2127074923191685e-05}, 'dominant_emotion': 'sad'}"
86,00:01:26,116,angry,"{'emotion': {'angry': 94.17133331298828, 'disgust': 0.17571720527485013, 'fear': 4.111083596944809, 'happy': 0.03213848976884037, 'sad': 1.0044265538454056, 'surprise': 0.3624832956120372, 'neutral': 0.14281654730439186}, 'dominant_emotion': 'angry'}"
87,00:01:27,117,fear,"{'emotion': {'angry': 1.275001407414507, 'disgust': 0.001656575825899648, 'fear': 97.71474031034228, 'happy': 0.007457659942255846, 'sad': 0.007108423477152171, 'surprise': 0.9935342453677362, 'neutral': 0.0005059638476107525}, 'dominant_emotion': 'fear'}"
88,00:01:28,118,fear,"{'emotion': {'angry': 0.13237317325547338, 'disgust': 0.00028503766316134715, 'fear': 53.11792492866516, 'happy': 2.3673245683312416, 'sad': 0.22598938085138798, 'surprise': 44.15610432624817, 'neutral': 4.289995203521357e-06}, 'dominant_emotion': 'fear'}"
89,00:01:29,118,sad,"{'emotion': {'angry': 0.9664363938347824, 'disgust': 3.255464953663259e-09, 'fear': 0.47402450751966146, 'happy': 0.7625128630533382, 'sad': 97.7965655569356, 'surprise': 2.0399718369642406e-08, 'neutral': 0.0004540262948374816}, 'dominant_emotion': 'sad'}"
90,00:01:30,119,surprise,"{'emotion': {'angry': 0.20478072110563517, 'disgust': 0.0001226562176270818, 'fear': 0.01558057265356183, 'happy': 0.002440614298393484, 'sad': 0.0006513915195682785, 'surprise': 99.77560639381409, 'neutral': 0.0008161946425389033}, 'dominant_emotion': 'surprise'}"
91,00:01:31,121,sad,"{'emotion': {'angry': 0.5148594733327627, 'disgust': 1.1296861883447473e-09, 'fear': 0.11706664226949215, 'happy': 0.6192483007907867, 'sad': 98.74876737594604, 'surprise': 3.648979989695489e-10, 'neutral': 5.757404437645164e-05}, 'dominant_emotion': 'sad'}"
92,00:01:32,125,fear,"{'emotion': {'angry': 22.614705420416918, 'disgust': 12.845885029189887, 'fear': 37.55040392580056, 'happy': 0.3017580316518564, 'sad': 4.71998369514845, 'surprise': 13.487539499255389, 'neutral': 8.47972085951095}, 'dominant_emotion': 'fear'}"
93,00:01:33,125,happy,"{'emotion': {'angry': 14.82181074359289, 'disgust': 0.0221754470598351, 'fear': 21.314955196982, 'happy': 53.52405863713519, 'sad': 1.2681524620172426, 'surprise': 5.752042367810921, 'neutral': 3.296799192214108}, 'dominant_emotion': 'happy'}"
94,00:01:34,128,angry,"{'emotion': {'angry': 89.47545289993286, 'disgust': 1.0013689433208128e-05, 'fear': 1.1871767230331898, 'happy': 0.09622819488868117, 'sad': 7.250838726758957, 'surprise': 0.6508179940283298, 'neutral': 1.3394784182310104}, 'dominant_emotion': 'angry'}"
95,00:01:35,129,neutral,"{'emotion': {'angry': 5.109215155243874, 'disgust': 0.00015124307992664399, 'fear': 2.076919935643673, 'happy': 39.28839862346649, 'sad': 0.3764878259971738, 'surprise': 13.374759256839752, 'neutral': 39.77406919002533}, 'dominant_emotion': 'neutral'}"
96,00:01:36,129,fear,"{'emotion': {'angry': 32.84218813870095, 'disgust': 1.5008860341148336, 'fear': 63.950560814075374, 'happy': 0.04641064180474528, 'sad': 0.03856340603799003, 'surprise': 1.5595080334534606, 'neutral': 0.0618802600813347}, 'dominant_emotion': 'fear'}"
97,00:01:37,131,sad,"{'emotion': {'angry': 0.00040756626731308643, 'disgust': 3.658458627188443e-12, 'fear': 8.425256510236068e-05, 'happy': 0.002509223122615367, 'sad': 99.99604225158691, 'surprise': 1.6041451478786273e-11, 'neutral': 0.0009592557944415603}, 'dominant_emotion': 'sad'}"
98,00:01:38,131,sad,"{'emotion': {'angry': 22.371460497379303, 'disgust': 6.683587461253637e-07, 'fear': 0.6004319991916418, 'happy': 0.020983572176191956, 'sad': 44.71557140350342, 'surprise': 0.0007082740012265276, 'neutral': 32.2908490896225}, 'dominant_emotion': 'sad'}"
99,00:01:39,131,happy,"{'emotion': {'angry': 0.49227969720959663, 'disgust': 1.8138797486244584e-05, 'fear': 3.7116635590791702, 'happy': 45.11293172836304, 'sad': 0.43789506889879704, 'surprise': 12.179456651210785, 'neutral': 38.06575834751129}, 'dominant_emotion': 'happy'}"
100,00:01:40,133,fear,"{'emotion': {'angry': 37.8354780575918, 'disgust': 0.0004673114113990966, 'fear': 56.215069068376366, 'happy': 0.7969103297239739, 'sad': 0.02698869954541025, 'surprise': 4.8656254181638605, 'neutral': 0.25946278274582524}, 'dominant_emotion': 'fear'}"
101,00:01:41,134,angry,"{'emotion': {'angry': 94.76228952407837, 'disgust': 6.289245790824793e-08, 'fear': 0.3095581429079175, 'happy': 0.049009069334715605, 'sad': 1.3028323650360107, 'surprise': 0.0005201413387112552, 'neutral': 3.575793281197548}, 'dominant_emotion': 'angry'}"
102,00:01:42,134,neutral,"{'emotion': {'angry': 3.5053057822767366, 'disgust': 0.0032934558620035417, 'fear': 0.2953926277394669, 'happy': 12.489183246444657, 'sad': 7.30919508988828, 'surprise': 0.4054873957775471, 'neutral': 75.99214172316442}, 'dominant_emotion': 'neutral'}"
103,00:01:43,137,disgust,"{'emotion': {'angry': 20.889028906822205, 'disgust': 59.268468618392944, 'fear': 12.882936000823975, 'happy': 0.18146728398278356, 'sad': 1.953938789665699, 'surprise': 3.916584700345993, 'neutral': 0.9075779467821121}, 'dominant_emotion': 'disgust'}"
104,00:01:44,137,sad,"{'emotion': {'angry': 0.7651602839774062, 'disgust': 6.382384151211884e-12, 'fear': 0.012566931421666976, 'happy': 0.2867113736919387, 'sad': 98.93443578090881, 'surprise': 2.1828656568301769e-13, 'neutral': 0.001126889468516154}, 'dominant_emotion': 'sad'}"
105,00:01:45,140,surprise,"{'emotion': {'angry': 1.8008915991653918, 'disgust': 0.000860495413496078, 'fear': 2.1585027466419633, 'happy': 0.16836680849171382, 'sad': 0.00101975686781004, 'surprise': 95.87028573397228, 'neutral': 7.441340449396535e-05}, 'dominant_emotion': 'surprise'}"
106,00:01:46,141,sad,"{'emotion': {'angry': 0.001229937407156447, 'disgust': 8.007223833855278e-12, 'fear': 0.007295367393552804, 'happy': 1.3689027983786344, 'sad': 98.54192129027375, 'surprise': 1.5055765532401573e-06, 'neutral': 0.08065161426710274}, 'dominant_emotion': 'sad'}"
107,00:01:47,143,angry,"{'emotion': {'angry': 76.18310735427053, 'disgust': 16.57497685253896, 'fear': 1.2711795394206595, 'happy': 0.08110812247559458, 'sad': 0.7391694517678676, 'surprise': 5.065303064548604, 'neutral': 0.08514743680239477}, 'dominant_emotion': 'angry'}"
108,00:01:48,144,disgust,"{'emotion': {'angry': 18.267612159252167, 'disgust': 44.23043131828308, 'fear': 31.991413235664368, 'happy': 0.2959039295092225, 'sad': 0.30038522090762854, 'surprise': 4.214614629745483, 'neutral': 0.6996488198637962}, 'dominant_emotion': 'disgust'}"
109,00:01:49,146,fear,"{'emotion': {'angry': 12.640516459941864, 'disgust': 15.170079469680786, 'fear': 71.359121799469, 'happy': 0.0069665140472352505, 'sad': 0.10421104962006211, 'surprise': 0.4831856582313776, 'neutral': 0.23591341450810432}, 'dominant_emotion': 'fear'}"
110,00:01:50,147,angry,"{'emotion': {'angry': 99.12257801025176, 'disgust': 3.696963960566088e-08, 'fear': 0.46334605728434836, 'happy': 0.15475197480222883, 'sad': 0.25927845091778623, 'surprise': 9.104926837328802e-09, 'neutral': 4.4810233022538466e-05}, 'dominant_emotion': 'angry'}"
111,00:01:51,149,fear,"{'emotion': {'angry': 30.975782871246338, 'disgust': 0.2955519361421466, 'fear': 60.9721302986145, 'happy': 0.8444914594292641, 'sad': 0.6665912922471762, 'surprise': 5.146115645766258, 'neutral': 1.0993408039212227}, 'dominant_emotion': 'fear'}"
112,00:01:52,149,surprise,"{'emotion': {'angry': 39.909276366233826, 'disgust': 0.029621689463965595, 'fear': 2.2831881418824196, 'happy': 0.49102921038866043, 'sad': 0.5585182458162308, 'surprise': 56.24708533287048, 'neutral': 0.4812820814549923}, 'dominant_emotion': 'surprise'}"
113,00:01:53,150,sad,"{'emotion': {'angry': 0.0005343840984616758, 'disgust': 1.7717432124228035e-11, 'fear': 0.23091504857211725, 'happy': 4.350306191824226e-05, 'sad': 99.7674405852031, 'surprise': 9.382882349059296e-12, 'neutral': 0.0010615615436645434}, 'dominant_emotion': 'sad'}"
114,00:01:54,151,surprise,"{'emotion': {'angry': 5.4709915071725845, 'disgust': 5.355650500860065e-06, 'fear': 0.11612658854573965, 'happy': 2.63901986181736, 'sad': 0.06151796551421285, 'surprise': 91.68016910552979, 'neutral': 0.0321671279380098}, 'dominant_emotion': 'surprise'}"
115,00:01:55,152,surprise,"{'emotion': {'angry': 0.029322374030016363, 'disgust': 2.0526262289877195e-05, 'fear': 31.833365559577942, 'happy': 0.1591442385688424, 'sad': 0.08849208825267851, 'surprise': 66.93951487541199, 'neutral': 0.9501378051936626}, 'dominant_emotion': 'surprise'}"
116,00:01:56,153,surprise,"{'emotion': {'angry': 0.26234557553205345, 'disgust': 0.06895283997336567, 'fear': 0.12800909643301941, 'happy': 0.01507671494261339, 'sad': 0.0017957659271699556, 'surprise': 99.5072364513419, 'neutral': 0.016582838258521304}, 'dominant_emotion': 'surprise'}"
117,00:01:57,154,angry,"{'emotion': {'angry': 87.9045844078064, 'disgust': 0.6828299723565578, 'fear': 2.950533665716648, 'happy': 0.07997218053787947, 'sad': 0.23449056316167116, 'surprise': 7.673000544309616, 'neutral': 0.4745923914015293}, 'dominant_emotion': 'angry'}"
118,00:01:58,154,fear,"{'emotion': {'angry': 37.09920942783356, 'disgust': 0.13827459188178182, 'fear': 47.594815492630005, 'happy': 1.903955452144146, 'sad': 1.9990075379610062, 'surprise': 1.1533425189554691, 'neutral': 10.111391544342041}, 'dominant_emotion': 'fear'}"
119,00:01:59,156,surprise,"{'emotion': {'angry': 0.0905267777852714, 'disgust': 0.016254582442343235, 'fear': 0.00027890789624507306, 'happy': 6.125621609953669e-06, 'sad': 0.00011067011200793786, 'surprise': 99.89282488822937, 'neutral': 2.3923579561824226e-06}, 'dominant_emotion': 'surprise'}"
120,00:02:00,157,angry,"{'emotion': {'angry': 67.95339989384412, 'disgust': 5.097483343951052e-05, 'fear': 4.53347516259403, 'happy': 3.2528901548916194, 'sad': 7.655874351017139, 'surprise': 1.7505384162389288, 'neutral': 14.853770426140454}, 'dominant_emotion': 'angry'}"
121,00:02:01,157,fear,"{'emotion': {'angry': 5.301225298497045, 'disgust': 4.750965341810543, 'fear': 48.8753469138924, 'happy': 16.377836003561498, 'sad': 0.25497080512692866, 'surprise': 23.70432183691003, 'neutral': 0.7353253251671403}, 'dominant_emotion': 'fear'}"
122,00:02:02,158,fear,"{'emotion': {'angry': 0.6940999172210792, 'disgust': 0.007350695374525144, 'fear': 96.70622984096649, 'happy': 0.789911392043663, 'sad': 0.01230116757839038, 'surprise': 1.5810400225472423, 'neutral': 0.2090633131935223}, 'dominant_emotion': 'fear'}"
123,00:02:03,160,disgust,"{'emotion': {'angry': 0.49739545211195946, 'disgust': 93.98872256278992, 'fear': 3.4382399171590805, 'happy': 0.00023396298729494447, 'sad': 0.09114943095482886, 'surprise': 1.9222361966967583, 'neutral': 0.062029651599004865}, 'dominant_emotion': 'disgust'}"
124,00:02:04,163,angry,"{'emotion': {'angry': 86.84744834899902, 'disgust': 0.00022813226223661331, 'fear': 0.4789977800101042, 'happy': 3.6470718681812286, 'sad': 0.4870847798883915, 'surprise': 7.896707206964493, 'neutral': 0.6424716673791409}, 'dominant_emotion': 'angry'}"
125,00:02:05,166,sad,"{'emotion': {'angry': 0.0007944974640849978, 'disgust': 1.5875887708410516e-12, 'fear': 0.011846397683257237, 'happy': 0.0002791231281662476, 'sad': 99.9870777130127, 'surprise': 5.362339355169442e-16, 'neutral': 5.410379921855224e-08}, 'dominant_emotion': 'sad'}"
126,00:02:06,167,angry,"{'emotion': {'angry': 99.14600248014942, 'disgust': 7.308441939510567e-12, 'fear': 0.8524138988503157, 'happy': 3.7715731454443974e-06, 'sad': 0.0015813421702067358, 'surprise': 1.0135480383936419e-13, 'neutral': 1.1320611789956378e-08}, 'dominant_emotion': 'angry'}"
127,00:02:07,169,sad,"{'emotion': {'angry': 2.1723218989159943, 'disgust': 8.638432661036513e-13, 'fear': 0.0002296633329955806, 'happy': 0.780512578697512, 'sad': 97.04594576906511, 'surprise': 1.2854157477282551e-11, 'neutral': 0.0009920069988077933}, 'dominant_emotion': 'sad'}"
128,00:02:08,170,fear,"{'emotion': {'angry': 12.144085764884949, 'disgust': 6.4829327166080475, 'fear': 46.42535150051117, 'happy': 7.210277020931244, 'sad': 0.4306669346988201, 'surprise': 22.31866419315338, 'neutral': 4.988027364015579}, 'dominant_emotion': 'fear'}"
129,00:02:09,170,disgust,"{'emotion': {'angry': 8.697114139795303, 'disgust': 89.33498859405518, 'fear': 1.318778470158577, 'happy': 0.002669552486622706, 'sad': 0.28160999063402414, 'surprise': 0.1408990239724517, 'neutral': 0.2239431720227003}, 'dominant_emotion': 'disgust'}"
130,00:02:10,172,angry,"{'emotion': {'angry': 61.25198371720217, 'disgust': 0.31035975074677175, 'fear': 0.09217957234894171, 'happy': 30.4130125291951, 'sad': 0.032367023705960736, 'surprise': 7.435273822264303, 'neutral': 0.4648278278754847}, 'dominant_emotion': 'angry'}"
131,00:02:11,173,angry,"{'emotion': {'angry': 92.07572937011719, 'disgust': 0.14078827807679772, 'fear': 0.5479436833411455, 'happy': 0.518074631690979, 'sad': 0.4829108715057373, 'surprise': 5.756350606679916, 'neutral': 0.47820694744586945}, 'dominant_emotion': 'angry'}"
132,00:02:12,176,angry,"{'emotion': {'angry': 90.2660071849823, 'disgust': 0.007638597890036181, 'fear': 7.115904241800308, 'happy': 0.0094097682449501, 'sad': 1.8490159884095192, 'surprise': 0.3940986003726721, 'neutral': 0.3579252865165472}, 'dominant_emotion': 'angry'}"
133,00:02:13,178,fear,"{'emotion': {'angry': 0.6800401610833214, 'disgust': 0.046302119454675085, 'fear': 98.57257621615217, 'happy': 0.007826564046041855, 'sad': 0.3402463220511291, 'surprise': 0.08005807386018945, 'neutral': 0.27294320991567256}, 'dominant_emotion': 'fear'}"
134,00:02:14,180,sad,"{'emotion': {'angry': 0.0012488986612879671, 'disgust': 6.442986769106263e-10, 'fear': 0.0717685790732503, 'happy': 0.08134783711284399, 'sad': 99.76674914360046, 'surprise': 7.901109766450531e-08, 'neutral': 0.0788903038483113}, 'dominant_emotion': 'sad'}"
135,00:02:15,182,surprise,"{'emotion': {'angry': 13.0006343126297, 'disgust': 0.9494601748883724, 'fear': 9.799744188785553, 'happy': 0.23807408288121223, 'sad': 0.7967504672706127, 'surprise': 61.63035035133362, 'neutral': 13.584984838962555}, 'dominant_emotion': 'surprise'}"
136,00:02:16,183,happy,"{'emotion': {'angry': 0.06807355146866467, 'disgust': 1.6136540547075664e-07, 'fear': 0.13847963566713972, 'happy': 96.54929576205535, 'sad': 2.6759031356995946, 'surprise': 9.818199423840772e-05, 'neutral': 0.5681539504654319}, 'dominant_emotion': 'happy'}"
137,00:02:17,185,sad,"{'emotion': {'angry': 19.434644281864166, 'disgust': 2.6052995871772566e-08, 'fear': 0.01411207631463185, 'happy': 2.759016491472721, 'sad': 77.68964171409607, 'surprise': 3.186808683608433e-06, 'neutral': 0.102584611158818}, 'dominant_emotion': 'sad'}"
138,00:02:18,187,angry,"{'emotion': {'angry': 98.50098472845373, 'disgust': 0.7391132364110037, 'fear': 0.3933138682918392, 'happy': 0.00034643748714029637, 'sad': 0.030522663292382752, 'surprise': 0.32839671898147094, 'neutral': 0.007321535085473667}, 'dominant_emotion': 'angry'}"
139,00:02:19,191,disgust,"{'emotion': {'angry': 41.764651256439315, 'disgust': 46.044056900273006, 'fear': 11.111729343842747, 'happy': 0.005824261775247996, 'sad': 0.11442027470906521, 'surprise': 0.7639309826071827, 'neutral': 0.19539276837875277}, 'dominant_emotion': 'disgust'}"
140,00:02:20,191,surprise,"{'emotion': {'angry': 0.2823721384629607, 'disgust': 0.00021440844193421071, 'fear': 0.6426441017538309, 'happy': 0.286605441942811, 'sad': 0.09786838199943304, 'surprise': 98.59333634376526, 'neutral': 0.09696352062746882}, 'dominant_emotion': 'surprise'}"
141,00:02:21,191,surprise,"{'emotion': {'angry': 2.3596715182065964, 'disgust': 6.769961480301845e-07, 'fear': 0.43284930288791656, 'happy': 0.11245913337916136, 'sad': 0.09934933623299003, 'surprise': 94.82227563858032, 'neutral': 2.1733928471803665}, 'dominant_emotion': 'surprise'}"
142,00:02:22,191,surprise,"{'emotion': {'angry': 3.3985525369644165, 'disgust': 0.02885450085159391, 'fear': 3.4130066633224487, 'happy': 0.0551294710021466, 'sad': 0.042651977855712175, 'surprise': 93.01986694335938, 'neutral': 0.041939091170206666}, 'dominant_emotion': 'surprise'}"
143,00:02:23,192,surprise,"{'emotion': {'angry': 0.013097889207741414, 'disgust': 0.00041901771062704087, 'fear': 0.004396830466883909, 'happy': 0.011163489522713553, 'sad': 0.0011261432085977116, 'surprise': 99.96968508128106, 'neutral': 0.00011031010948630258}, 'dominant_emotion': 'surprise'}"
144,00:02:24,195,surprise,"{'emotion': {'angry': 0.7570528876514964, 'disgust': 0.006657257141605445, 'fear': 0.14617625563897227, 'happy': 0.0030064296852555126, 'sad': 0.03470633152984569, 'surprise': 99.04538983377158, 'neutral': 0.007008247902642811}, 'dominant_emotion': 'surprise'}"
145,00:02:25,197,angry,"{'emotion': {'angry': 95.74592760253816, 'disgust': 0.0021688397425585547, 'fear': 2.2993260116188514, 'happy': 0.654773056683176, 'sad': 0.2750272069093934, 'surprise': 0.02982460654568892, 'neutral': 0.9929446251160353}, 'dominant_emotion': 'angry'}"
146,00:02:26,201,angry,"{'emotion': {'angry': 83.5501511633216, 'disgust': 0.310843400854659, 'fear': 1.852574909916531, 'happy': 0.11009126753389627, 'sad': 2.2598202440356916, 'surprise': 10.590999055981749, 'neutral': 1.3255191318071924}, 'dominant_emotion': 'angry'}"
147,00:02:27,204,surprise,"{'emotion': {'angry': 13.776522874832153, 'disgust': 0.5127060692757368, 'fear': 36.06932759284973, 'happy': 0.05999845452606678, 'sad': 2.301074005663395, 'surprise': 47.05367088317871, 'neutral': 0.2267023315653205}, 'dominant_emotion': 'surprise'}"
148,00:02:28,207,surprise,"{'emotion': {'angry': 9.778599441051483, 'disgust': 0.4765653982758522, 'fear': 2.9015833511948586, 'happy': 0.0882715336047113, 'sad': 0.7455266546458006, 'surprise': 85.27435660362244, 'neutral': 0.7350957952439785}, 'dominant_emotion': 'surprise'}"
149,00:02:29,209,surprise,"{'emotion': {'angry': 0.5699513480067253, 'disgust': 3.977946789746056e-05, 'fear': 4.553887248039246, 'happy': 9.76039171218872, 'sad': 0.010797239519888535, 'surprise': 81.37882947921753, 'neutral': 3.7261031568050385}, 'dominant_emotion': 'surprise'}"
150,00:02:30,209,fear,"{'emotion': {'angry': 6.48479238152504, 'disgust': 0.001927732773765456, 'fear': 64.1761302947998, 'happy': 0.005323620644048788, 'sad': 2.504226192831993, 'surprise': 23.98790270090103, 'neutral': 2.8397031128406525}, 'dominant_emotion': 'fear'}"
151,00:02:31,209,angry,"{'emotion': {'angry': 97.61388330294093, 'disgust': 1.3884908852657799e-12, 'fear': 0.002657224696770067, 'happy': 8.903037458422726e-05, 'sad': 2.3833651979726316, 'surprise': 5.165022248951797e-16, 'neutral': 3.083179921310549e-06}, 'dominant_emotion': 'angry'}"
152,00:02:32,209,sad,"{'emotion': {'angry': 0.001490155773353763, 'disgust': 7.655155128500832e-12, 'fear': 0.00030248204438976245, 'happy': 0.07996158092282712, 'sad': 99.91186261177063, 'surprise': 1.5319673698013792e-10, 'neutral': 0.00638906130916439}, 'dominant_emotion': 'sad'}"
153,00:02:33,211,angry,"{'emotion': {'angry': 91.97868609174324, 'disgust': 0.0003149964561882512, 'fear': 2.0481756535977906, 'happy': 0.9835786427353195, 'sad': 0.02059086209454606, 'surprise': 0.00044890290049679697, 'neutral': 4.968204941535585}, 'dominant_emotion': 'angry'}"
154,00:02:34,212,angry,"{'emotion': {'angry': 99.51831698417664, 'disgust': 4.406073230711627e-05, 'fear': 0.08413321920670569, 'happy': 0.19034200813621283, 'sad': 0.050363753689453006, 'surprise': 0.000910766812012298, 'neutral': 0.15589158283546567}, 'dominant_emotion': 'angry'}"
155,00:02:35,214,surprise,"{'emotion': {'angry': 15.616823732852936, 'disgust': 0.18462022999301553, 'fear': 1.8770026043057442, 'happy': 0.8228935301303864, 'sad': 1.8192071467638016, 'surprise': 62.721604108810425, 'neutral': 16.95784628391266}, 'dominant_emotion': 'surprise'}"
156,00:02:36,215,happy,"{'emotion': {'angry': 0.24896161630749702, 'disgust': 5.877191094905143e-09, 'fear': 1.9785242155194283, 'happy': 69.80650424957275, 'sad': 27.965053915977478, 'surprise': 2.448949897038144e-09, 'neutral': 0.0009544469321554061}, 'dominant_emotion': 'happy'}"
157,00:02:37,216,fear,"{'emotion': {'angry': 11.848103332745632, 'disgust': 1.8407556827955625, 'fear': 81.95782518889604, 'happy': 0.16536548857876796, 'sad': 0.6608953842943449, 'surprise': 0.20218046765858322, 'neutral': 3.324868506208836}, 'dominant_emotion': 'fear'}"
158,00:02:38,219,surprise,"{'emotion': {'angry': 1.6931538547965201, 'disgust': 8.467668799619007, 'fear': 34.96211975587128, 'happy': 5.474430648948589, 'sad': 0.8588298735815211, 'surprise': 43.4659417549337, 'neutral': 5.077858571878586}, 'dominant_emotion': 'surprise'}"
159,00:02:39,221,surprise,"{'emotion': {'angry': 3.68669256567955, 'disgust': 0.3650904633104801, 'fear': 18.350346386432648, 'happy': 0.42996308766305447, 'sad': 0.01822241465561092, 'surprise': 73.93833994865417, 'neutral': 3.2113414257764816}, 'dominant_emotion': 'surprise'}"
160,00:02:40,222,fear,"{'emotion': {'angry': 1.3144612016631605, 'disgust': 0.2731221820783236, 'fear': 46.27618447258288, 'happy': 0.19346126333162347, 'sad': 15.245749383658097, 'surprise': 2.6061537988369223, 'neutral': 34.090871702536546}, 'dominant_emotion': 'fear'}"
161,00:02:41,223,surprise,"{'emotion': {'angry': 0.004441849159775302, 'disgust': 5.734141268476378e-05, 'fear': 0.24428728502243757, 'happy': 0.014359387569129467, 'sad': 0.00036253159123589285, 'surprise': 99.73548650741577, 'neutral': 0.0010128323083336}, 'dominant_emotion': 'surprise'}"
162,00:02:42,224,neutral,"{'emotion': {'angry': 0.005816828689795953, 'disgust': 2.341825317804013e-07, 'fear': 0.004653187629584231, 'happy': 8.684082101826792, 'sad': 0.4162402140343317, 'surprise': 3.0405495401877985e-05, 'neutral': 90.88917916352625}, 'dominant_emotion': 'neutral'}"
163,00:02:43,226,angry,"{'emotion': {'angry': 77.79463860924704, 'disgust': 0.00020412003482708424, 'fear': 0.15986789526705686, 'happy': 21.957674259862216, 'sad': 0.05096989360092802, 'surprise': 0.00016269072723316548, 'neutral': 0.03649137068623253}, 'dominant_emotion': 'angry'}"
164,00:02:44,226,fear,"{'emotion': {'angry': 20.32227339281281, 'disgust': 0.008232763993457794, 'fear': 75.09541363092742, 'happy': 0.841487156092355, 'sad': 2.4030357168934176, 'surprise': 0.8351393541776749, 'neutral': 0.4944220945639667}, 'dominant_emotion': 'fear'}"
165,00:02:45,226,happy,"{'emotion': {'angry': 0.021843657304998487, 'disgust': 3.0759544245029247e-06, 'fear': 0.43228650465607643, 'happy': 99.53210949897766, 'sad': 0.0015700905350968242, 'surprise': 0.010513386223465204, 'neutral': 0.0016728357877582312}, 'dominant_emotion': 'happy'}"
166,00:02:46,226,sad,"{'emotion': {'angry': 0.010223691060673445, 'disgust': 1.0323762244385248e-10, 'fear': 0.015448889462277293, 'happy': 0.004322238237364218, 'sad': 99.96999502182007, 'surprise': 3.543641075021142e-10, 'neutral': 1.0545151951646403e-05}, 'dominant_emotion': 'sad'}"
167,00:02:47,229,fear,"{'emotion': {'angry': 8.617206662893295, 'disgust': 0.00979150936473161, 'fear': 91.30539298057556, 'happy': 0.003167281101923436, 'sad': 0.05913472268730402, 'surprise': 0.004260892455931753, 'neutral': 0.001052263814926846}, 'dominant_emotion': 'fear'}"
168,00:02:48,230,angry,"{'emotion': {'angry': 96.95266467050699, 'disgust': 0.009598317982668384, 'fear': 1.7248475089578337, 'happy': 0.000829800096091075, 'sad': 0.7416135142215201, 'surprise': 0.062059131657503944, 'neutral': 0.508394495153099}, 'dominant_emotion': 'angry'}"
169,00:02:49,231,fear,"{'emotion': {'angry': 3.3451564085110643, 'disgust': 1.070240257325111, 'fear': 95.47166336258331, 'happy': 0.0684464943853183, 'sad': 0.03593477902533167, 'surprise': 0.0008206567007344073, 'neutral': 0.007732135030043714}, 'dominant_emotion': 'fear'}"
170,00:02:50,231,angry,"{'emotion': {'angry': 83.47051045122805, 'disgust': 3.188684505884538e-15, 'fear': 0.0002870449350773714, 'happy': 4.2864405426518415e-05, 'sad': 16.529163213322356, 'surprise': 2.6252239282795738e-14, 'neutral': 4.257207618160279e-08}, 'dominant_emotion': 'angry'}"
171,00:02:51,232,angry,"{'emotion': {'angry': 84.39127988919259, 'disgust': 0.08046564385331942, 'fear': 6.902502399384689, 'happy': 4.7465430502244175, 'sad': 1.4007485664488595, 'surprise': 0.9229590016056297, 'neutral': 1.5554998078346483}, 'dominant_emotion': 'angry'}"
172,00:02:52,233,sad,"{'emotion': {'angry': 0.17428221055684748, 'disgust': 1.148033776456996e-10, 'fear': 0.26416191077452367, 'happy': 2.6018319339652023, 'sad': 96.95170503566891, 'surprise': 3.3910465434194014e-10, 'neutral': 0.008018337871808208}, 'dominant_emotion': 'sad'}"
173,00:02:53,234,fear,"{'emotion': {'angry': 6.267953664064407, 'disgust': 2.528527387468671e-08, 'fear': 43.73459219932556, 'happy': 38.19282948970795, 'sad': 10.618918389081955, 'surprise': 0.002199971095251385, 'neutral': 1.1835118755698204}, 'dominant_emotion': 'fear'}"
174,00:02:54,236,fear,"{'emotion': {'angry': 1.1715185828506947, 'disgust': 0.020384564413689077, 'fear': 91.83506369590759, 'happy': 0.23030187003314495, 'sad': 0.9335378184914589, 'surprise': 4.587920755147934, 'neutral': 1.2212748639285564}, 'dominant_emotion': 'fear'}"
175,00:02:55,236,angry,"{'emotion': {'angry': 95.16507444798059, 'disgust': 1.0493145004732012, 'fear': 0.5102371188715554, 'happy': 0.04091962276705381, 'sad': 0.1290353443319685, 'surprise': 3.086762507347762, 'neutral': 0.018648396467794898}, 'dominant_emotion': 'angry'}"
176,00:02:56,240,sad,"{'emotion': {'angry': 0.4120308440178633, 'disgust': 2.054586362154609e-09, 'fear': 0.5698410794138908, 'happy': 17.805802822113037, 'sad': 81.20835423469543, 'surprise': 1.2547259897743857e-07, 'neutral': 0.003970325633417815}, 'dominant_emotion': 'sad'}"
177,00:02:57,243,fear,"{'emotion': {'angry': 0.0013251798679393466, 'disgust': 0.002018458566966184, 'fear': 99.83984826086143, 'happy': 0.09144264548519498, 'sad': 0.001424396202035913, 'surprise': 0.037762079000050304, 'neutral': 0.02618101155494291}, 'dominant_emotion': 'fear'}"
178,00:02:58,245,angry,"{'emotion': {'angry': 97.83612476802615, 'disgust': 0.0020508208166598644, 'fear': 0.9956682694356602, 'happy': 0.009239961769299166, 'sad': 0.9409037048163238, 'surprise': 0.001389468971920213, 'neutral': 0.214630052201751}, 'dominant_emotion': 'angry'}"
179,00:02:59,247,fear,"{'emotion': {'angry': 0.07224767468869686, 'disgust': 3.523150521322904e-09, 'fear': 71.60390019416809, 'happy': 6.774323433637619, 'sad': 21.54843807220459, 'surprise': 2.195368509205764e-06, 'neutral': 0.0010900711458816659}, 'dominant_emotion': 'fear'}"
180,00:03:00,248,happy,"{'emotion': {'angry': 0.0039006063161650673, 'disgust': 1.8036808517292533e-13, 'fear': 6.097743607824668e-05, 'happy': 99.75473284721375, 'sad': 0.023496111680287868, 'surprise': 1.1615459705183184e-07, 'neutral': 0.21781101822853088}, 'dominant_emotion': 'happy'}"
181,00:03:01,250,surprise,"{'emotion': {'angry': 0.05778660415671766, 'disgust': 0.0002926424713223241, 'fear': 2.692507393658161, 'happy': 0.9085506200790405, 'sad': 0.004532092498266138, 'surprise': 96.29053473472595, 'neutral': 0.045797094935551286}, 'dominant_emotion': 'surprise'}"
182,00:03:02,250,surprise,"{'emotion': {'angry': 0.7772489914148445, 'disgust': 0.004018203493012137, 'fear': 0.5176259047613088, 'happy': 0.009460792916818285, 'sad': 0.005699896404210822, 'surprise': 98.68584267412679, 'neutral': 0.0001012706153568352}, 'dominant_emotion': 'surprise'}"
183,00:03:03,250,surprise,"{'emotion': {'angry': 27.00180411338806, 'disgust': 1.142038218677044, 'fear': 3.0135558918118477, 'happy': 0.38380909245461226, 'sad': 0.5787330213934183, 'surprise': 67.63153076171875, 'neutral': 0.24852645583450794}, 'dominant_emotion': 'surprise'}"
184,00:03:04,251,surprise,"{'emotion': {'angry': 1.8169648165681849, 'disgust': 4.23788490819245, 'fear': 0.2879498465254811, 'happy': 0.08770691288005786, 'sad': 0.012507003720801546, 'surprise': 93.39768847213318, 'neutral': 0.15930000012293458}, 'dominant_emotion': 'surprise'}"
185,00:03:05,253,fear,"{'emotion': {'angry': 0.5141591824360651, 'disgust': 0.019125349159734895, 'fear': 93.8425257581411, 'happy': 4.646247635186282, 'sad': 0.007913697050273004, 'surprise': 0.9649196201754522, 'neutral': 0.005102479428765612}, 'dominant_emotion': 'fear'}"
186,00:03:06,256,surprise,"{'emotion': {'angry': 28.220224380493164, 'disgust': 0.012791153858415782, 'fear': 1.3210591860115528, 'happy': 7.185538113117218, 'sad': 0.6013881880789995, 'surprise': 60.151439905166626, 'neutral': 2.5075651705265045}, 'dominant_emotion': 'surprise'}"
187,00:03:07,257,sad,"{'emotion': {'angry': 0.15867984620854259, 'disgust': 1.930628400204082e-10, 'fear': 1.1337925679981709, 'happy': 0.04964470863342285, 'sad': 98.6343502998352, 'surprise': 1.4639188472553855e-08, 'neutral': 0.023529038298875093}, 'dominant_emotion': 'sad'}"
188,00:03:08,260,disgust,"{'emotion': {'angry': 26.791843985538957, 'disgust': 71.782639239149, 'fear': 0.6573232674388012, 'happy': 6.894546911491537e-06, 'sad': 0.06045317415893664, 'surprise': 0.7057653184402368, 'neutral': 0.0019671797943757972}, 'dominant_emotion': 'disgust'}"
189,00:03:09,260,surprise,"{'emotion': {'angry': 4.951919024953958, 'disgust': 1.5400286790694382, 'fear': 0.2804338364903526, 'happy': 0.001787216720682345, 'sad': 0.002664362410338699, 'surprise': 93.21969232324453, 'neutral': 0.003469059761576681}, 'dominant_emotion': 'surprise'}"
190,00:03:10,264,angry,"{'emotion': {'angry': 86.4527778085735, 'disgust': 0.00015380625640346477, 'fear': 0.050947360907437095, 'happy': 0.029650327008923647, 'sad': 10.13444168753127, 'surprise': 3.2574094674099126, 'neutral': 0.07461331826587697}, 'dominant_emotion': 'angry'}"
191,00:03:11,265,surprise,"{'emotion': {'angry': 0.020370025595184416, 'disgust': 2.3613904165387112e-07, 'fear': 1.4952607452869415, 'happy': 0.029602900031022727, 'sad': 0.0008873915248841513, 'surprise': 98.41325283050537, 'neutral': 0.04062964580953121}, 'dominant_emotion': 'surprise'}"
192,00:03:12,265,angry,"{'emotion': {'angry': 59.6387374831751, 'disgust': 8.267078308215343, 'fear': 15.416440020031926, 'happy': 4.054162540535624, 'sad': 4.328645622295663, 'surprise': 0.9084931423076221, 'neutral': 7.386437668032924}, 'dominant_emotion': 'angry'}"
193,00:03:13,267,fear,"{'emotion': {'angry': 9.689539670944214, 'disgust': 0.056099367793649435, 'fear': 58.39345455169678, 'happy': 1.1180385947227478, 'sad': 0.3394701750949025, 'surprise': 30.38349151611328, 'neutral': 0.019901437917724252}, 'dominant_emotion': 'fear'}"
194,00:03:14,268,angry,"{'emotion': {'angry': 83.74940752983093, 'disgust': 1.1215322650969028, 'fear': 2.445514500141144, 'happy': 0.3137802006676793, 'sad': 2.689615823328495, 'surprise': 9.554913640022278, 'neutral': 0.12523486511781812}, 'dominant_emotion': 'angry'}"
195,00:03:15,271,angry,"{'emotion': {'angry': 76.39628930136092, 'disgust': 5.425650352162081, 'fear': 1.1109934726663264, 'happy': 0.00035730843425596406, 'sad': 1.8774423372814253, 'surprise': 15.174419859120862, 'neutral': 0.014844505907877576}, 'dominant_emotion': 'angry'}"
196,00:03:16,271,angry,"{'emotion': {'angry': 42.68687454618519, 'disgust': 0.008326377891212357, 'fear': 25.865217940185314, 'happy': 0.6390363613174723, 'sad': 0.46516558198147034, 'surprise': 28.932043441290446, 'neutral': 1.4033282365407662}, 'dominant_emotion': 'angry'}"
197,00:03:17,273,happy,"{'emotion': {'angry': 29.658374190330505, 'disgust': 6.104953782087863e-10, 'fear': 0.26496569626033306, 'happy': 69.48152780532837, 'sad': 0.5903915967792273, 'surprise': 6.331557500516283e-06, 'neutral': 0.004730010914499871}, 'dominant_emotion': 'happy'}"
198,00:03:18,275,sad,"{'emotion': {'angry': 0.014660537999588996, 'disgust': 1.0423691342796357e-14, 'fear': 0.0003092104861934786, 'happy': 0.01090956138796173, 'sad': 99.97410178184509, 'surprise': 7.014927392901037e-13, 'neutral': 2.1114605885941273e-05}, 'dominant_emotion': 'sad'}"
199,00:03:19,275,surprise,"{'emotion': {'angry': 18.160418758417293, 'disgust': 0.002337042454346751, 'fear': 14.22879631690957, 'happy': 0.14528863532326433, 'sad': 5.471850140205034, 'surprise': 60.55668357352516, 'neutral': 1.434627540238353}, 'dominant_emotion': 'surprise'}"
200,00:03:20,277,neutral,"{'emotion': {'angry': 0.6484563462436199, 'disgust': 0.009582690108800307, 'fear': 1.530727744102478, 'happy': 11.53024137020111, 'sad': 0.28381242882460356, 'surprise': 4.620588570833206, 'neutral': 81.37658834457397}, 'dominant_emotion': 'neutral'}"
201,00:03:21,278,surprise,"{'emotion': {'angry': 7.5510963797569275, 'disgust': 19.443251192569733, 'fear': 1.086627785116434, 'happy': 0.03842487931251526, 'sad': 0.04950829898007214, 'surprise': 71.82428240776062, 'neutral': 0.006809867772972211}, 'dominant_emotion': 'surprise'}"
202,00:03:22,278,surprise,"{'emotion': {'angry': 2.0683348178863525, 'disgust': 6.14302848589432e-06, 'fear': 3.8215696811676025, 'happy': 0.25668423622846603, 'sad': 0.46052117832005024, 'surprise': 91.4873719215393, 'neutral': 1.905512623488903}, 'dominant_emotion': 'surprise'}"
203,00:03:23,278,sad,"{'emotion': {'angry': 0.007463581277988851, 'disgust': 5.426411815549759e-11, 'fear': 0.015257115592248738, 'happy': 0.287647801451385, 'sad': 99.6845006942749, 'surprise': 1.025448389396777e-09, 'neutral': 0.005136169420438819}, 'dominant_emotion': 'sad'}"
204,00:03:24,279,sad,"{'emotion': {'angry': 5.857759788341355e-06, 'disgust': 2.829356223933038e-13, 'fear': 0.005284110375214368, 'happy': 0.14662626199424267, 'sad': 97.55973815917969, 'surprise': 2.1646753400189622e-10, 'neutral': 2.2883517667651176}, 'dominant_emotion': 'sad'}"
205,00:03:25,280,happy,"{'emotion': {'angry': 1.7987167462706566, 'disgust': 0.6203066557645798, 'fear': 13.347938656806946, 'happy': 83.44775438308716, 'sad': 0.24270566646009684, 'surprise': 0.23759007453918457, 'neutral': 0.30498821288347244}, 'dominant_emotion': 'happy'}"
206,00:03:26,281,fear,"{'emotion': {'angry': 0.18090265974817757, 'disgust': 0.003831627234631883, 'fear': 98.30870648518723, 'happy': 0.16201293725738677, 'sad': 0.35044791190202096, 'surprise': 0.5962223966452602, 'neutral': 0.3978835875828758}, 'dominant_emotion': 'fear'}"
207,00:03:27,282,disgust,"{'emotion': {'angry': 29.32608127593994, 'disgust': 63.30294609069824, 'fear': 4.683053493499756, 'happy': 0.00828181000542827, 'sad': 1.6070395708084106, 'surprise': 0.300625734962523, 'neutral': 0.7719739340245724}, 'dominant_emotion': 'disgust'}"
208,00:03:28,284,sad,"{'emotion': {'angry': 10.467268405393863, 'disgust': 7.446342653341628e-07, 'fear': 40.045129659481624, 'happy': 0.0006203395429607301, 'sad': 49.48135313280542, 'surprise': 2.3532939223319732e-07, 'neutral': 0.0056285618201158535}, 'dominant_emotion': 'sad'}"
209,00:03:29,286,disgust,"{'emotion': {'angry': 26.415812969207764, 'disgust': 63.789331912994385, 'fear': 7.045187801122665, 'happy': 0.08000207017175853, 'sad': 0.532993720844388, 'surprise': 1.9150473177433014, 'neutral': 0.22162289824336767}, 'dominant_emotion': 'disgust'}"
210,00:03:30,289,fear,"{'emotion': {'angry': 3.538593277335167, 'disgust': 12.824323773384094, 'fear': 82.1809709072113, 'happy': 0.1363720977678895, 'sad': 0.7012153044342995, 'surprise': 0.3890611929818988, 'neutral': 0.22946642711758614}, 'dominant_emotion': 'fear'}"
211,00:03:31,291,fear,"{'emotion': {'angry': 44.881415367126465, 'disgust': 0.3107592463493347, 'fear': 53.01227569580078, 'happy': 0.25380016304552555, 'sad': 0.10298197157680988, 'surprise': 1.2383089400827885, 'neutral': 0.20045440178364515}, 'dominant_emotion': 'fear'}"
212,00:03:32,291,surprise,"{'emotion': {'angry': 1.9095590338110924, 'disgust': 0.03053104446735233, 'fear': 4.736709222197533, 'happy': 28.34775745868683, 'sad': 0.3952625673264265, 'surprise': 64.57178592681885, 'neutral': 0.008396421617362648}, 'dominant_emotion': 'surprise'}"
213,00:03:33,293,fear,"{'emotion': {'angry': 0.0017373407116414098, 'disgust': 3.9035941252458945e-06, 'fear': 80.26888848953774, 'happy': 19.341663678983668, 'sad': 9.130009719541992e-05, 'surprise': 0.3837588937585887, 'neutral': 0.0038639138922239554}, 'dominant_emotion': 'fear'}"
214,00:03:34,295,angry,"{'emotion': {'angry': 40.43823182582855, 'disgust': 0.020148047769907862, 'fear': 14.279310405254364, 'happy': 0.7549092639237642, 'sad': 24.627795815467834, 'surprise': 0.22525719832628965, 'neutral': 19.654345512390137}, 'dominant_emotion': 'angry'}"
215,00:03:35,297,angry,"{'emotion': {'angry': 94.34436031051155, 'disgust': 0.7253936092831362, 'fear': 0.675470254886716, 'happy': 0.004656401679018126, 'sad': 0.2187155857723253, 'surprise': 3.4280970331314764, 'neutral': 0.6033128339573343}, 'dominant_emotion': 'angry'}"
216,00:03:36,299,happy,"{'emotion': {'angry': 0.18515075910901915, 'disgust': 8.33326017104841e-10, 'fear': 0.17174704979767802, 'happy': 74.65085093368877, 'sad': 24.967826906701696, 'surprise': 5.7791088397795156e-05, 'neutral': 0.02436409122906283}, 'dominant_emotion': 'happy'}"
217,00:03:37,302,happy,"{'emotion': {'angry': 1.6404660511572422, 'disgust': 2.0361505573806784e-12, 'fear': 0.07386455843659442, 'happy': 98.28032234672574, 'sad': 0.0010275155861368356, 'surprise': 0.0019902331231276874, 'neutral': 0.0023291272603122417}, 'dominant_emotion': 'happy'}"
218,00:03:38,305,disgust,"{'emotion': {'angry': 1.494144182652235, 'disgust': 53.9080023765564, 'fear': 29.00494933128357, 'happy': 0.07872895803302526, 'sad': 0.026720151072368026, 'surprise': 15.476207435131073, 'neutral': 0.011246679787291214}, 'dominant_emotion': 'disgust'}"
219,00:03:39,308,neutral,"{'emotion': {'angry': 2.4744264781475067, 'disgust': 6.836192500969673e-07, 'fear': 0.08960184641182423, 'happy': 0.0002314052835572511, 'sad': 17.27161705493927, 'surprise': 1.3180389668143028e-11, 'neutral': 80.16412258148193}, 'dominant_emotion': 'neutral'}"
220,00:03:40,310,surprise,"{'emotion': {'angry': 0.03641889779828489, 'disgust': 3.0205009693418106e-05, 'fear': 0.1762428553774953, 'happy': 0.029653057572431862, 'sad': 0.0006923500677658012, 'surprise': 99.7568666934967, 'neutral': 9.646449825595482e-05}, 'dominant_emotion': 'surprise'}"
221,00:03:41,311,angry,"{'emotion': {'angry': 38.968875346712785, 'disgust': 0.9807168159316072, 'fear': 37.914406532907876, 'happy': 0.07961393459261563, 'sad': 0.6415706044626597, 'surprise': 19.705244583204067, 'neutral': 1.7095769843206992}, 'dominant_emotion': 'angry'}"
222,00:03:42,311,sad,"{'emotion': {'angry': 0.23761062844268938, 'disgust': 2.8432306827750387e-11, 'fear': 0.08374753108277547, 'happy': 0.0014814832009679175, 'sad': 99.67484478058282, 'surprise': 1.596366403300534e-10, 'neutral': 0.0023109753757088}, 'dominant_emotion': 'sad'}"
223,00:03:43,312,sad,"{'emotion': {'angry': 24.08514767885208, 'disgust': 0.02093156654154882, 'fear': 5.268646776676178, 'happy': 0.6668212823569775, 'sad': 45.542049407958984, 'surprise': 12.539306282997131, 'neutral': 11.877092719078064}, 'dominant_emotion': 'sad'}"
224,00:03:44,312,angry,"{'emotion': {'angry': 55.843138694763184, 'disgust': 0.06430104840546846, 'fear': 31.18927776813507, 'happy': 0.6885458715260029, 'sad': 2.6720423251390457, 'surprise': 9.422975033521652, 'neutral': 0.11972016654908657}, 'dominant_emotion': 'angry'}"
225,00:03:45,314,angry,"{'emotion': {'angry': 97.85692717350398, 'disgust': 1.0103531383911045e-05, 'fear': 0.056919105317773784, 'happy': 0.8194408333968123, 'sad': 0.685315870008961, 'surprise': 0.16530009810029292, 'neutral': 0.4160866576627901}, 'dominant_emotion': 'angry'}"
226,00:03:46,314,angry,"{'emotion': {'angry': 99.68329068223127, 'disgust': 2.796469217268736e-18, 'fear': 1.0132728576188128e-05, 'happy': 2.015391329824863e-05, 'sad': 0.3166816574849674, 'surprise': 4.5029520716821906e-18, 'neutral': 4.0911740681731317e-10}, 'dominant_emotion': 'angry'}"
227,00:03:47,315,surprise,"{'emotion': {'angry': 0.5198498410552551, 'disgust': 0.0026423690963752982, 'fear': 6.931014440180593, 'happy': 0.7689703241253285, 'sad': 0.06222449169935187, 'surprise': 88.90831338266294, 'neutral': 2.8069883205876733}, 'dominant_emotion': 'surprise'}"
228,00:03:48,315,fear,"{'emotion': {'angry': 8.744994550943375, 'disgust': 4.367202520370483, 'fear': 86.33654713630676, 'happy': 0.004187546801404096, 'sad': 0.44348021037876606, 'surprise': 0.021138023294042796, 'neutral': 0.08245304925367236}, 'dominant_emotion': 'fear'}"
229,00:03:49,318,surprise,"{'emotion': {'angry': 0.1807171036489308, 'disgust': 0.0038090525777079165, 'fear': 0.9139969944953918, 'happy': 0.23849087301641703, 'sad': 0.013928909902460873, 'surprise': 98.17472100257874, 'neutral': 0.47433823347091675}, 'dominant_emotion': 'surprise'}"
230,00:03:50,318,fear,"{'emotion': {'angry': 0.5269736051559448, 'disgust': 0.00013691131925952504, 'fear': 92.72087812423706, 'happy': 5.7487934827804565, 'sad': 0.03531956463120878, 'surprise': 0.9644778445363045, 'neutral': 0.0034163946111220866}, 'dominant_emotion': 'fear'}"
231,00:03:51,318,sad,"{'emotion': {'angry': 48.28200340270996, 'disgust': 2.7912420638709357e-10, 'fear': 1.0870453901588917, 'happy': 0.08483815472573042, 'sad': 50.48697590827942, 'surprise': 1.3445501378939184e-07, 'neutral': 0.05914510111324489}, 'dominant_emotion': 'sad'}"
232,00:03:52,319,sad,"{'emotion': {'angry': 5.330901965498924, 'disgust': 1.4288844630075404e-10, 'fear': 5.097349360585213, 'happy': 7.948286831378937, 'sad': 81.61863088607788, 'surprise': 9.195269434769671e-07, 'neutral': 0.004830341276829131}, 'dominant_emotion': 'sad'}"
233,00:03:53,321,angry,"{'emotion': {'angry': 97.87124395370483, 'disgust': 0.04266384639777243, 'fear': 1.5955297276377678, 'happy': 0.03400375135242939, 'sad': 0.24155736900866032, 'surprise': 0.06686575361527503, 'neutral': 0.14813285088166595}, 'dominant_emotion': 'angry'}"
234,00:03:54,322,sad,"{'emotion': {'angry': 1.1144071817398071, 'disgust': 1.8151207262489394e-11, 'fear': 0.13070593122392893, 'happy': 0.06086978828534484, 'sad': 98.69402050971985, 'surprise': 3.681660892492812e-12, 'neutral': 6.479377923085394e-07}, 'dominant_emotion': 'sad'}"
235,00:03:55,324,angry,"{'emotion': {'angry': 98.05375933647156, 'disgust': 1.3112387911573542e-09, 'fear': 0.06061244057491422, 'happy': 0.21516699343919754, 'sad': 1.6700053587555885, 'surprise': 4.443934109588099e-09, 'neutral': 0.00045663568926102016}, 'dominant_emotion': 'angry'}"
236,00:03:56,327,fear,"{'emotion': {'angry': 12.90626972913742, 'disgust': 0.11134938104078174, 'fear': 54.1523814201355, 'happy': 21.790684759616852, 'sad': 0.8285455405712128, 'surprise': 1.3789641670882702, 'neutral': 8.831803500652313}, 'dominant_emotion': 'fear'}"
237,00:03:57,327,sad,"{'emotion': {'angry': 0.0625586835667491, 'disgust': 6.7004647171669835e-15, 'fear': 0.28178202919662, 'happy': 0.032763887429609895, 'sad': 99.6228814125061, 'surprise': 2.1887355073973644e-12, 'neutral': 1.6396619173519866e-05}, 'dominant_emotion': 'sad'}"
238,00:03:58,327,surprise,"{'emotion': {'angry': 1.3966246508061886, 'disgust': 1.2840302432426398e-08, 'fear': 0.03521939506754279, 'happy': 0.3665842115879059, 'sad': 0.0038986247091088444, 'surprise': 98.15257787704468, 'neutral': 0.04509716236498207}, 'dominant_emotion': 'surprise'}"
239,00:03:59,331,sad,"{'emotion': {'angry': 0.011248861062272552, 'disgust': 3.612786067069801e-10, 'fear': 0.10674357817656267, 'happy': 1.0242692638385146e-06, 'sad': 99.8791932987686, 'surprise': 2.6982565361061635e-09, 'neutral': 0.0028159698418197873}, 'dominant_emotion': 'sad'}"
240,00:04:00,333,surprise,"{'emotion': {'angry': 0.28269614558666945, 'disgust': 6.776079697345949e-08, 'fear': 0.0017706604921841063, 'happy': 0.12392010539770126, 'sad': 0.0007031758286757395, 'surprise': 99.58348274230957, 'neutral': 0.0074244075221940875}, 'dominant_emotion': 'surprise'}"
241,00:04:01,336,sad,"{'emotion': {'angry': 23.963360488414764, 'disgust': 3.945041128760327e-14, 'fear': 2.3042168468236923, 'happy': 0.013320469588506967, 'sad': 73.71910214424133, 'surprise': 7.198006296907367e-11, 'neutral': 3.3757576289872304e-06}, 'dominant_emotion': 'sad'}"
242,00:04:02,336,fear,"{'emotion': {'angry': 24.19375479221344, 'disgust': 6.48142397403717, 'fear': 55.595964193344116, 'happy': 1.66570283472538, 'sad': 0.2229093573987484, 'surprise': 11.339382827281952, 'neutral': 0.5008556414395571}, 'dominant_emotion': 'fear'}"
243,00:04:03,339,fear,"{'emotion': {'angry': 16.659748554229736, 'disgust': 1.170981489121914, 'fear': 45.551854372024536, 'happy': 1.5286783687770367, 'sad': 15.769323706626892, 'surprise': 15.981687605381012, 'neutral': 3.3377330750226974}, 'dominant_emotion': 'fear'}"
244,00:04:04,341,angry,"{'emotion': {'angry': 76.5676842074206, 'disgust': 5.9471982481379e-13, 'fear': 0.18493859035528246, 'happy': 4.445473742215261, 'sad': 18.801800537216696, 'surprise': 1.332365981050303e-09, 'neutral': 9.906089552901435e-05}, 'dominant_emotion': 'angry'}"
245,00:04:05,342,sad,"{'emotion': {'angry': 0.13483138754963875, 'disgust': 3.8309927084495166e-16, 'fear': 8.722482647272045e-06, 'happy': 3.2396378912835644e-06, 'sad': 99.86515641212463, 'surprise': 5.199571300493452e-20, 'neutral': 6.477687830575007e-09}, 'dominant_emotion': 'sad'}"
246,00:04:06,344,fear,"{'emotion': {'angry': 2.4276738570734175, 'disgust': 0.24612426362182283, 'fear': 95.63268397049212, 'happy': 0.06904651356765709, 'sad': 0.03236228269169675, 'surprise': 1.5632218681706112, 'neutral': 0.028888289210247352}, 'dominant_emotion': 'fear'}"
